{"average_reward": 6.931, "V1_1": 4.445579969340828, "V2_1": 5.433486629194345, "V1_2": 6.006107906345436, "V2_2": 5.644157900689967, "optimal_policy": {"0": 