{"V_s_10": [0.0, 0.0, 0.0, 0.0, 1.62, 0.0, 0.0, 0.0, 1.8, 2.0, 0.0, 0.0, 2.0, 0.0, 0.0, 0.0], "V_s_100": [1501.2807692307692, 1851.2500000000002, 0.0, 2000.0, 902.6054646478609, 1249.8096089442859, 1611.5154294000001, 1352.590971615, 348.1211568573063, 828.1566541197001, 1110.8962289442857, 396.66593722675, 70.83834698048518, 0.0, 440.0, 0.9], "V_s_1000": [1645.1161543707378, 1931.3306528822704, 0.0, 1975.5900146741405, 1394.0312307232425, 1671.7128053380902, 1931.560308929225, 1744.3754571404554, 1092.0787785778468, 1348.565436472494, 1566.562529004324, 1339.5314317185378, 695.314048735498, 0.0, 1092.8571650158995, 799.112836451675], "V_s_10000": [1706.5969512128336, 1954.5767151795553, 0.0, 1953.0526535138074, 1497.7532047766322, 1723.8518399143234, 1965.7304525880695, 1747.4109567059538, 1286.3488120134032, 1456.3465570775527, 1704.5235626401864, 1523.5137389810031, 981.5991796105588, 0.0, 1263.4550570204985, 1128.8699499255738], "optimal_policy": [3, 3, 0, 2, 0, 0, 0, 0, 0, 0, 0, 0, 0, 0, 0, 0], "mordor_q_table": [[0.0, 1355.0757370066262, 0.0, 1706.5969512128336], [0.0, 1443.8613433683117, 1444.009482595191, 1954.5767151795553], [0.0, 0.0, 0.0, 0.0], [0.0, 1430.7819128120245, 1953.0526535138074, 0.0], [1497.7532047766322, 1096.4802698301119, 0.0, 1495.195635254085], [1723.8518399143234, 1196.2410660075222, 1317.8016116836777, 1718.906541044995], [1965.7304525880695, 1289.9452156657862, 1460.3976703438707, 1496.7446280350703], [1747.4109567059538, 1244.5471218341345, 1705.3503769890792, 0.0], [1286.3488120134032, 797.3597500252636, 0.0, 1135.7994294256114], [1456.3465570775527, 153.03529887310896, 1005.0293652096088, 1294.8359609022252], [1704.5235626401864, 1041.5335362349665, 1130.4599145419932, 1160.0960510494715], [1523.5137389810031, 874.671127364468, 1286.7099661388086, 0.0], [981.5991796105588, 0.0, 0.0, 104.94383333534292], [0.0, 0.0, 0.0, 0.0], [1263.4550570204985, 0.0, 65.08011653093835, 748.6094641854717], [1128.8699499255738, 0.0, 1005.1078704658697, 0.0]]}